{
    "Va_max" : 20.0,
    "Va_min" : 10.0,
    "gamma_max" : 0.349,
    "gamma_min" : -0.349,
    "R_min" : 50.0,
    "el_A" : 0.00139245668,
    "el_B" : 1.57629455,
    "el_C" : 1.42231299,
    "el_D" : 0.0289327141,
    "el_E" : -0.00239168868,
    "el_F" : 0.0942488414,
    "el_G" : -0.0151639914,
    "el_H" : 0.0362411024,
    "el_I" : -0.0273187531,
    "el_J" : 0.289533553
}