{
    "Va_max" : 20.0,
    "Va_min" : 10.0,
    "gamma_max" : 0.349,
    "gamma_min" : -0.349,
    "R_min" : 50.0,
    "el_A" : 0.00338416,
    "el_B" : 1.41346152,
    "el_C" : 1.58315432,
    "el_D" : 0.03169736,
    "el_E" : -0.00470128,
    "el_F" : 0.02751492,
    "el_G" : -0.05645713,
    "el_H" : -0.45738349,
    "el_I" : 0.10757743,
    "el_J" : 0.60822508
}