{
    "Va_max" : 20.0,
    "Va_min" : 10.0,
    "gamma_max" : 0.349,
    "gamma_min" : -0.349,
    "R_min" : 50.0,
    "el_A" : 0.00177324144,
    "el_B" : 0.866330475,
    "el_C" : 2.13189628,
    "el_D" : 0.0152275686,
    "el_E" : -0.00508855296,
    "el_F" : -0.00434615928,
    "el_G" : -0.0289961850,
    "el_H" : -0.182232799,
    "el_I" : 0.0826191774,
    "el_J" : 0.348608310
}