{
    "Va_max" : 20.0,
    "Va_min" : 10.0,
    "gamma_max" : 0.349,
    "gamma_min" : -0.349,
    "R_min" : 50.0,
    "el_A" : 3.51423018e-03,
    "el_B" : 6.27337504e-01,
    "el_C" : 2.36914827e+00,
    "el_D" : 1.75057339e-03,
    "el_E" : -2.33770589e-02,
    "el_F" : -9.10608755e-02,
    "el_G" : -3.88356106e-02,
    "el_H" : -1.28654901e-01,
    "el_I" : 2.70267853e-01,
    "el_J" : 2.20220212e-01
}
