{
    "Va_max" : 20.0,
    "Va_min" : 10.0,
    "gamma_max" : 0.349,
    "gamma_min" : -0.349,
    "R_min" : 50.0,
    "el_A" : 0.089641,
    "el_B" : 66.098222,
    "el_C" : 6.187966,
    "el_D" : 0.000000,
    "el_E" : 0.000000,
    "el_F" : 0.000000,
    "el_G" : -1.165334,
    "el_H" : 17.846520,
    "el_I" : 0.000000,
    "el_J" : 18.967902
    
}
