{
    "Va_max" : 20.0,
    "Va_min" : 10.0,
    "gamma_max" : 0.349,
    "gamma_min" : -0.349,
    "R_min" : 50.0,
    "el_A" : 0.00389919,
    "el_B" : 0.93592324,
    "el_C" : 2.06017757,
    "el_D" : 0.01503292,
    "el_E" : -0.00888138,
    "el_F" : -0.05434114,
    "el_G" : -0.04859826,
    "el_H" : -0.16176311,
    "el_I" : 0.11305876,
    "el_J" : 0.30217577
}