{
    "Va_max" : 15.0,
    "Va_min" : 10.0,
    "gamma_max" : 0.349,
    "gamma_min" : -0.349,
    "R_min" : 50.0,
    "el_A" : 0.111111,
    "el_B" : 3.698225,
    "el_C" : 25.000000,
    "el_D" : 0.000000,
    "el_E" : 0.000000,
    "el_F" : 0.000000,
    "el_G" : -1.333333,
    "el_H" : 0.000000,
    "el_I" : -2.500000,
    "el_J" : 15.250000
}